AUROC:0.7911832946635731,AUPR:0.0721961510860703,threshold:0.56,xgb_learning_rate:0.01,treen_estimators:1200,
